[photographi, becom, pervas, societi]|[photographi, societi]
[see, hundr, thousand, imag, everi, dai]|[imag, amount]
[vast, major, imag, take, person, enjoy]|[imag, pleasur]
[imag, either, captur, moment, provid, form, self, express]|[imag, role]
[mani, imag, lubric, wheel, commerc]|[imag, economi]
[appear, appear, ad, magazin, cover, packag]|[apparit, form]
[imag, magazin, newspap, convei, new, make, editori, point]|[media, opinion]
[matter, purpos, imag, put, imag, transcend]|[purpos, imag]
[wai, captur, secondari]|[captur]
[howev, chang, technolog, can, open, new, opportun, approach, chang, wai, imag, look]|[imag, advanc, technolog, form]
[exampl, introduct, 35mm, leica, make, easier, captur, fast, move, action, imag, becom, spontan, fluid]|[imag, technolog, qualiti]
[vast, major, imag, see, still, captur, tradit, camera, film]|[imag, tradit, camera]
[howev, chang, rapidli, digit, camera, accept, area, photographi]|[digit, camera, photographi, field]
[alreadi, make, major, inroad, catalog, photographi, photojourn]|[photographi, field]
[now, well, wai, becom, major, factor, photographi, self-express]|[photographi, role]
[time, destin, domin, photographi]|[import, photographi]
[although, photograph, technolog, chang, dramat, sinc, invent, 1840, principl, good, imag, remain, fairli, constant]|[photographi, technolog, evolut, principl, imag]
[imag, take, 1840, henri, fox, talbot, daguarr, well, compos, interest, imag, take, modern, equip]|[imag, qualiti, equip, comparison]
[howev, although, technolog, make, good, imag, easier, captur, make, profound, chang, area, photographi]|[technolog, imag, captur, photographi, evolut]
[digit, photographi, particular, make, possibl, captur, imag, instantli, distribut, around, world]|[digit, photographi, imag, time, distribut]
[digit, photographi, also, close, darkroom, open, entir, new, wai, edit, present, imag]|[digit, photographi, imag, creation]
[on-lin, book, explor, photographi, tradit, wai, emphasi, modern, technolog, digit, camera, digit, darkroom, on-lin, publish, share, imag]|[photographi, technolog, distribut]
[text, provid, introduct, aspect, emerg, world, digit, photographi]|[guid, photographi]
[start, camera, imag, captur, go, discuss, imag, storag, transfer, edit, print, distribut]|[imag, workflow]
[follow, path, book, learn, much, hardwar, softwar, procedur]|[equip, technolog]
[tradit, cours, end, result, usual, print, darkroom, experi, creat]|[tradit, photographi, result, print]
[digit, photographi, cours, print, on, mani, possibl, applic, captur, imag]|[digit, photographi, result, print]
[mani, wai, least, excit, aspect, student, orient, internet, possibl, open, displai, share, imag, world-wid]|[internet, imag, distribut]
[teacher, digit, approach, also, make, easier, demonstr, techniqu, procedur, one-to-on, basi]|[approach, guid]
[captur, digit, photograph, alreadi, univers, format, make, incred, easi, distribut]|[digit, imag, distibut]
[can, insert, digit, photograph, word, process, document, send, e-mail, friend, post, web, site, anyon, world, can, see]|[digit, imag, distibut]
[mani, camera, can, immedi, see, imag, small, lcd, screen, can, connect, camera, tv, show, much, like, slide, show]|[camera, imag, displai]
[digit, photographi, instant, photographi, without, film, cost]|[digit, photographi, edit, cost]
[can, also, photo, edit, program, photoshop, improv, alter]|[edit, softwar]
[go, digit, save, monei, long, run, bui, roll, film, pai, develop]|[digit, photographi, monei]
[digit, camera, instantli, show, pictur, look]|[digit, camera, time, imag]
[can, view, imag, print]|[imag, view, print]
[like, see, edit, wai, want, delet]|[dislik, edit]
[digit, photographi, toxic, chemic, end, flow, drain, stream, river, lake]|[digit, photographi, chemic]
[wait, finish, roll, process, wast, unexpos, film, can, wait]|[film]
[digit, camera, capabl, captur, still, photograph, also, sound, even, video, becom, like, multimedia, record, pure, camerast]|[digit, camera, captur, photograph, multimedia]
[digit, photographi, new, wai, captur, photo, solid-st, imag, sensor, instead, tradit, film]|[digit, photographi, photo]
[captur, photo, store, digit, format, let, move, comput, print, printer, view, televis, e-mail, friend, even, put, web]|[digit, photo, distribut, internet]
[immediaci, flexibl, digit, imag, make, popular, mani, area]|[digit, imag, advantag]
[howev, on, aspect, digit, photographi, rare, mention]|[digit, photographi, aspect]
[new, freedom, give, explor, photographi]|[photographi, advantag]
[decis, moment, imag, lose, fail, try, new, thing]|[captur, instant, failur]
[hand, camera, kid, take, weird, unusu, angl, shoot, without, look, viewfind, ignor, previous, hold, concept, take, imag]|[camera, captur]
[mai, surpris, imag, get, exploit, new, era, uninhibit, shoot]|[imag, shoot]
